yards,success,week
28,1,1
54,1,1
30,1,1
37,1,1
33,1,1
40,1,1
26,1,1
34,1,1
43,1,1
30,1,1
50,1,1
43,1,1
49,1,1
42,1,1
42,1,1
51,0,1
34,1,1
43,1,1
21,1,1
38,1,1
36,0,1
35,1,1
39,1,1
47,1,1
29,1,1
52,1,1
35,1,1
38,1,1
36,1,1
39,1,1
45,1,1
36,1,1
42,1,1
39,0,1
56,0,1
38,1,1
54,1,1
45,1,1
24,1,1
55,0,1
24,1,1
23,1,1
50,1,1
41,1,1
45,1,1
25,1,1
32,1,1
56,1,1
48,1,1
51,1,1
41,1,1
32,1,1
40,1,1
36,1,1
25,1,1
57,1,1
50,1,1
26,1,1
27,1,1
33,1,1
31,1,1
52,1,1
45,1,1
29,1,1
59,0,2
44,1,2
27,1,2
40,1,2
26,1,2
52,1,2
25,1,2
43,1,2
43,0,2
52,1,2
55,1,2
50,1,2
24,1,2
33,1,2
33,1,2
39,1,2
25,1,2
29,1,2
42,1,2
36,1,2
51,0,2
32,1,2
49,1,2
22,1,2
38,1,2
27,1,2
30,1,2
33,1,2
33,1,2
41,1,2
47,1,2
29,1,2
23,1,2
49,1,2
55,0,2
24,1,2
55,0,2
61,1,2
52,1,2
28,1,2
23,1,2
54,1,2
36,1,2
55,0,2
37,1,2
44,1,2
34,1,2
35,1,2
34,1,2
21,1,2
55,1,2
26,1,2
30,1,2
45,0,2
56,0,2
25,1,2
38,1,2
43,1,2
27,1,2
57,1,2
48,1,2
26,1,2
38,1,2
49,0,2
44,1,2
49,1,2
59,0,2
31,1,2
32,1,2
37,1,3
48,1,3
24,1,3
47,0,3
24,1,3
36,1,3
54,1,3
32,1,3
51,1,3
47,1,3
43,1,3
35,1,3
33,1,3
44,1,3
37,1,3
39,1,3
55,0,3
41,1,3
38,1,3
21,1,3
39,1,3
49,1,3
43,1,3
62,1,3
27,1,3
26,1,3
31,1,3
25,1,3
48,0,3
28,1,3
33,1,3
26,1,3
33,1,3
31,1,3
54,1,3
53,1,3
50,1,3
53,1,3
61,0,3
53,1,3
23,1,3
53,0,3
56,0,3
30,1,3
49,1,3
23,1,3
53,1,3
42,1,3
48,1,3
54,1,3
48,1,3
48,0,3
52,1,3
57,0,3
51,1,3
25,1,3
38,1,3
46,0,3
28,1,3
44,1,3
57,1,3
21,1,3
36,1,3
36,1,3
33,1,3
38,1,3
26,1,3
43,1,3
42,1,3
57,1,3
26,1,3
48,1,3
44,1,3
52,1,3
38,1,4
56,1,4
43,1,4
38,1,4
53,1,4
21,1,4
53,1,4
35,1,4
51,1,4
34,1,4
33,1,4
37,1,4
50,1,4
37,1,4
31,1,4
37,1,4
52,0,4
26,1,4
40,1,4
54,1,4
47,0,4
46,0,4
51,1,4
48,0,4
33,1,4
22,1,4
53,1,4
33,1,4
26,1,4
56,1,4
23,1,4
29,1,4
23,1,4
33,1,4
52,0,4
36,1,4
38,1,4
39,1,4
35,1,4
23,1,4
55,1,4
53,0,4
34,1,4
37,1,4
32,1,4
51,1,4
44,1,4
28,1,4
27,1,4
41,1,4
47,1,4
36,1,4
54,1,4
23,1,5
43,1,5
25,1,5
42,1,5
33,1,5
22,1,5
51,1,5
36,1,5
32,1,5
43,1,5
46,0,5
37,1,5
40,1,5
40,1,5
50,1,5
37,1,5
26,1,5
22,1,5
52,0,5
38,1,5
43,1,5
28,1,5
42,1,5
33,1,5
37,1,5
44,1,5
40,1,5
38,1,5
29,1,5
40,1,5
48,0,5
54,1,5
53,1,5
55,0,5
49,1,5
40,1,5
37,1,5
51,1,5
30,1,5
23,1,5
26,1,5
22,1,5
27,1,5
22,1,5
49,1,5
34,1,5
26,1,5
26,1,5
27,1,5
43,1,5
53,1,5
34,1,5
35,1,5
28,1,5
55,1,6
29,1,6
32,1,6
27,1,6
35,1,6
25,1,6
43,1,6
41,1,6
26,1,6
28,1,6
23,1,6
29,1,6
27,1,6
20,1,6
36,1,6
38,1,6
43,0,6
32,1,6
24,1,6
39,1,6
35,1,6
60,1,6
25,1,6
52,1,6
30,1,6
33,1,6
52,0,6
36,1,6
36,1,6
28,1,6
56,1,6
48,1,6
49,1,6
51,1,6
53,1,6
22,1,6
51,1,6
53,1,6
57,0,6
25,1,6
43,1,6
37,1,6
30,1,6
24,1,6
52,0,6
24,1,6
48,1,6
22,1,6
45,1,6
29,0,6
29,1,6
52,0,6
43,1,6
29,1,6
53,0,6
43,1,6
42,1,6
35,1,6
38,1,6
37,0,6
55,1,6
23,1,6
52,1,6
54,0,6
47,0,6
25,1,6
42,1,6
46,1,6
50,1,6
29,1,6
41,0,6
37,1,6
47,1,6
44,1,7
21,1,7
34,0,7
48,1,7
24,1,7
24,1,7
41,1,7
36,1,7
51,1,7
30,1,7
36,1,7
24,1,7
42,0,7
49,1,7
44,1,7
54,1,7
54,1,7
27,1,7
58,1,7
32,1,7
32,1,7
29,1,7
43,0,7
35,1,7
29,1,7
52,1,7
51,0,7
23,1,7
35,1,7
43,1,7
42,1,7
35,1,7
55,1,7
41,0,7
40,1,7
25,1,7
54,1,7
24,1,7
40,1,7
53,0,7
53,1,7
41,1,7
51,0,7
40,0,7
21,1,7
20,1,7
54,1,7
55,1,7
50,0,7
42,0,7
29,1,8
49,1,8
39,1,8
53,0,8
48,1,8
47,1,8
43,1,8
53,1,8
46,1,8
50,0,8
36,1,8
56,1,8
32,1,8
25,1,8
27,1,8
46,1,8
37,1,8
23,1,8
50,1,8
51,1,8
22,1,8
38,1,8
61,0,8
37,1,8
23,1,8
34,1,8
56,1,8
28,1,8
33,1,8
58,1,8
27,1,8
47,1,8
44,1,8
31,1,8
33,1,8
52,1,8
26,0,8
42,0,8
25,1,8
30,1,8
30,1,8
38,1,8
20,1,8
42,1,8
27,1,8
31,1,8
47,0,8
35,0,8
35,1,8
33,1,8
51,1,8
61,1,8
37,1,8
57,1,8
30,1,9
45,1,9
48,0,9
34,1,9
20,1,9
40,0,9
55,1,9
31,1,9
47,0,9
51,1,9
26,1,9
35,1,9
57,1,9
49,1,9
47,1,9
55,1,9
46,1,9
38,1,9
52,1,9
48,0,9
49,0,9
26,1,9
34,1,9
52,1,9
19,1,9
43,1,9
23,1,9
54,1,9
32,1,9
31,1,9
24,1,9
46,1,9
41,1,9
33,1,9
37,1,9
45,1,9
31,1,9
35,1,9
50,1,9
49,1,9
55,1,9
29,1,9
36,1,9
29,1,9
36,1,9
30,1,9
48,1,9
37,1,9
43,1,9
30,1,9
51,1,10
46,1,10
56,1,10
36,1,10
23,1,10
54,1,10
33,1,10
36,1,10
39,1,10
39,1,10
59,0,10
36,1,10
37,1,10
28,1,10
23,1,10
40,1,10
40,1,10
49,1,10
40,1,10
36,1,10
33,1,10
48,1,10
41,1,10
42,1,10
31,1,10
28,1,10
49,1,10
35,1,10
45,1,10
22,1,10
50,1,10
31,1,10
38,1,10
37,1,10
57,0,10
35,0,10
24,1,10
51,1,10
40,1,10
48,1,10
33,1,10
54,0,10
40,1,10
47,1,10
41,1,10
53,1,10
30,1,10
54,1,10
40,1,10
45,1,10
39,1,10
37,1,10
35,1,10
38,1,10
51,0,10
25,1,10
27,1,10
35,1,10
45,1,10
49,1,10
43,1,10
33,1,10
47,1,10
45,1,10
43,1,10
57,1,11
48,0,11
31,1,11
53,1,11
40,1,11
39,1,11
50,1,11
53,0,11
26,1,11
25,1,11
47,1,11
30,1,11
42,1,11
27,1,11
25,1,11
52,0,11
28,1,11
26,1,11
34,1,11
47,1,11
50,0,11
41,1,11
51,1,11
31,1,11
34,1,11
31,1,11
52,1,11
37,1,11
28,1,11
30,1,11
23,1,11
42,1,11
36,1,11
48,1,11
30,1,11
33,1,11
50,1,11
43,1,11
25,1,11
28,1,11
34,1,11
54,1,11
43,1,11
52,1,11
22,1,11
55,0,11
37,1,11
28,1,11
30,1,11
25,1,11
39,1,12
42,1,12
48,1,12
44,0,12
48,1,12
48,0,12
59,1,12
40,1,12
50,1,12
53,1,12
48,0,12
25,1,12
34,1,12
39,1,12
55,1,12
30,1,12
36,1,12
24,1,12
23,1,12
34,1,12
43,1,12
63,0,12
40,1,12
48,1,12
50,0,12
53,1,12
55,0,12
58,0,12
30,0,12
34,1,12
32,1,12
50,0,12
24,1,12
56,0,12
38,1,12
54,1,12
42,1,12
35,0,12
25,1,12
52,1,12
41,1,12
45,1,12
39,1,12
39,1,12
54,0,12
41,1,12
34,1,12
33,1,12
47,1,12
51,1,12
32,1,12
53,0,12
30,1,12
21,1,12
46,1,12
58,0,12
36,1,12
24,1,12
43,1,12
52,1,12
29,1,13
51,1,13
45,0,13
27,1,13
22,1,13
46,1,13
42,1,13
23,1,13
57,0,13
48,0,13
54,1,13
40,1,13
48,1,13
44,1,13
43,0,13
40,1,13
28,1,13
24,1,13
29,1,13
38,1,13
34,1,13
38,1,13
26,1,13
32,1,13
24,1,13
23,1,13
46,1,13
23,1,13
28,1,13
46,1,13
34,1,13
34,1,13
40,1,13
48,1,13
38,1,13
38,1,13
49,1,13
53,0,13
30,1,13
42,0,13
31,1,13
38,1,13
32,1,13
26,1,13
39,1,13
31,1,14
27,1,14
39,1,14
29,0,14
47,1,14
29,1,14
41,0,14
23,1,14
46,1,14
25,1,14
28,1,14
48,0,14
36,1,14
32,1,14
45,0,14
48,1,14
37,1,14
51,1,14
55,1,14
44,1,14
38,0,14
32,1,14
35,1,14
55,1,14
27,1,14
51,1,14
31,1,14
47,1,14
33,1,14
36,1,14
49,0,14
36,1,14
56,1,14
60,1,14
52,1,14
44,1,14
59,1,14
45,1,14
50,1,14
40,1,14
55,1,14
20,1,14
50,0,14
52,0,14
38,1,14
28,1,14
20,1,14
23,1,14
31,1,14
34,1,15
25,1,15
23,1,15
43,1,15
50,0,15
55,0,15
26,1,15
34,1,15
41,1,15
33,1,15
34,1,15
32,1,15
23,1,15
23,1,15
23,1,15
27,1,15
53,1,15
45,1,15
54,1,15
39,0,15
41,0,15
25,1,15
29,1,15
54,1,15
34,1,15
39,1,15
29,1,15
56,1,15
40,1,15
50,1,15
37,1,15
27,1,15
35,1,15
27,1,15
26,1,15
43,1,15
56,0,15
29,1,15
31,1,15
43,0,15
42,1,15
58,1,15
43,1,15
28,1,15
43,1,15
39,1,15
36,1,15
46,1,15
33,1,15
22,1,15
27,1,15
43,0,15
55,1,16
49,1,16
29,1,16
45,1,16
28,1,16
41,1,16
28,1,16
24,1,16
20,1,16
40,1,16
47,1,16
45,1,16
53,1,16
29,1,16
50,1,16
35,1,16
30,1,16
57,1,16
52,1,16
54,1,16
43,1,16
35,1,16
33,1,16
29,1,16
37,1,16
26,1,16
52,1,16
53,1,16
32,1,16
23,1,16
47,1,16
33,1,16
41,1,16
35,1,16
25,1,16
24,1,16
52,0,16
31,1,16
51,1,16
24,1,16
36,0,16
35,1,16
33,1,16
47,0,16
57,0,16
56,1,16
20,1,16
47,0,16
22,1,16
32,1,16
52,1,16
28,1,16
21,1,16
44,1,16
43,1,16
28,1,16
33,1,16
27,1,16
25,1,16
27,1,16
54,1,16
28,1,17
34,1,17
43,1,17
50,0,17
42,0,17
55,0,17
22,1,17
38,1,17
42,1,17
42,1,17
35,1,17
26,1,17
24,1,17
34,1,17
34,1,17
54,1,17
43,1,17
27,1,17
24,1,17
48,1,17
46,1,17
41,1,17
51,1,17
30,1,17
43,1,17
34,1,17
54,1,17
37,1,17
32,1,17
36,1,17
43,1,17
48,0,17
50,1,17
20,1,17
52,1,17
31,1,17
32,1,17
54,0,17
40,1,17
38,1,17
33,1,17
33,1,17
45,1,17
27,1,17
38,1,17
35,1,17
24,1,17
47,0,17
45,1,17
28,1,17
38,1,17
46,1,17
44,1,17
33,1,17
39,1,17
43,1,17
42,1,17
26,1,17
21,1,17
24,1,17
38,1,17
47,1,17
22,1,17
28,1,17
38,1,17
53,1,17
27,1,17
51,1,17
24,1,18
30,1,18
24,1,18
50,1,18
41,0,18
39,1,18
35,1,18
25,1,18
45,1,18
36,1,18
36,0,18
50,1,18
49,1,18
21,1,18
38,1,18
52,1,18
57,0,18
51,1,18
35,1,18
44,1,18
30,1,18
22,1,18
49,1,18
40,1,18
43,1,18
20,1,18
41,1,18
38,0,18
39,1,18
43,1,18
39,1,18
21,1,18
30,1,18
40,1,18
49,0,18
33,1,18
24,1,18
36,1,18
21,1,18
45,0,18
25,1,18
36,1,18
33,1,18
23,1,18
34,1,18
29,1,18
43,0,18
51,0,18
36,1,18
57,1,18
52,0,18
39,1,18
